TABLE_NAME,COLUMN_NAME,IS_NULLABLE,DATA_TYPE,DESCRIPTION
CONCEPT,CONCEPT_ID,YES,INTEGER,A UNIQUE IDENTIFIER FOR EACH CONCEPT ACROSS ALL DOMAINS.
CONCEPT,CONCEPT_NAME,YES,VARCHAR(255),"AN UNAMBIGUOUS, MEANINGFUL AND DESCRIPTIVE NAME FOR THE CONCEPT."
CONCEPT,DOMAIN_ID,YES,VARCHAR(20),A FOREIGN KEY TO THEŸDOMAINŸTABLE THE CONCEPT BELONGS TO.
CONCEPT,VOCABULARY_ID,YES,VARCHAR(20),A FOREIGN KEY TO THEŸVOCABULARYŸTABLE INDICATING FROM WHICH SOURCE THE CONCEPT HAS BEEN ADAPTED.
CONCEPT,CONCEPT_CLASS_ID,YES,VARCHAR(20),"THE ATTRIBUTE OR CONCEPT CLASS OF THE CONCEPT. EXAMPLES ARE ?CLINICAL DRUG?, ?INGREDIENT?, ?CLINICAL FINDING? ETC."
CONCEPT,STANDARD_CONCEPT,NO,VARCHAR(1),"THIS FLAG DETERMINES WHERE A CONCEPT IS A STANDARD CONCEPT, I.E. IS USED IN THE DATA, A CLASSIFICATION CONCEPT, OR A NON-STANDARD SOURCE CONCEPT. THE ALLOWABLES VALUES ARE 'S' (STANDARD CONCEPT) AND 'C' (CLASSIFICATION CONCEPT), OTHERWISE THE CONTENT IS NULL."
CONCEPT,CONCEPT_CODE,YES,VARCHAR(50),"THE CONCEPT CODE REPRESENTS THE IDENTIFIER OF THE CONCEPT IN THE SOURCE VOCABULARY, SUCH AS SNOMED-CT CONCEPT IDS, RXNORM RXCUIS ETC. NOTE THAT CONCEPT CODES ARE NOT UNIQUE ACROSS VOCABULARIES."
CONCEPT,VALID_START_DATE,YES,DATE,"THE DATE WHEN THE CONCEPT WAS FIRST RECORDED. THE DEFAULT VALUE IS 1-JAN-1970, MEANING, THE CONCEPT HAS NO (KNOWN) DATE OF INCEPTION."
CONCEPT,VALID_END_DATE,YES,DATE,"THE DATE WHEN THE CONCEPT BECAME INVALID BECAUSE IT WAS DELETED OR SUPERSEDED (UPDATED) BY A NEW CONCEPT. THE DEFAULT VALUE IS 31-DEC-2099, MEANING, THE CONCEPT IS VALID UNTIL IT BECOMES DEPRECATED."
CONCEPT,INVALID_REASON,NO,VARCHAR(1),"REASON THE CONCEPT WAS INVALIDATED. POSSIBLE VALUES ARE D (DELETED), U (REPLACED WITH AN UPDATE) OR NULL WHEN VALID_END_DATE HAS THE DEFAULT VALUE."
VOCABULARY,VOCABULARY_ID,YES,VARCHAR(20),"A UNIQUE IDENTIFIER FOR EACH VOCABULARY, SUCH AS ICD9CM, SNOMED, VISIT."
VOCABULARY,VOCABULARY_NAME,YES,VARCHAR(255),"THE NAME DESCRIBING THE VOCABULARY, FOR EXAMPLE ?INTERNATIONAL CLASSIFICATION OF DISEASES, NINTH REVISION, CLINICAL MODIFICATION, VOLUME 1 AND 2 (NCHS)? ETC."
VOCABULARY,VOCABULARY_REFERENCE,YES,VARCHAR(255),EXTERNAL REFERENCE TO DOCUMENTATION OR AVAILABLE DOWNLOAD OF THE ABOUT THE VOCABULARY.
VOCABULARY,VOCABULARY_VERSION,YES,VARCHAR(255),VERSION OF THE VOCABULARY AS INDICATED IN THE SOURCE.
VOCABULARY,VOCABULARY_CONCEPT_ID,YES,INTEGER,A FOREIGN KEY THAT REFERS TO A STANDARD CONCEPT IDENTIFIER IN THE CONCEPT TABLE FOR THE VOCABULARY THE VOCABULARY RECORD BELONGS TO.
DOMAIN,DOMAIN_ID,YES,VARCHAR(20),A UNIQUE KEY FOR EACH DOMAIN.
DOMAIN,DOMAIN_NAME,YES,VARCHAR(255),"THE NAME DESCRIBING THE DOMAIN, E.G. ?CONDITION?, ?PROCEDURE?, ?MEASUREMENT? ETC."
DOMAIN,DOMAIN_CONCEPT_ID,YES,INTEGER,A FOREIGN KEY THAT REFERS TO AN IDENTIFIER IN THEŸCONCEPTTABLE FOR THE UNIQUE DOMAIN CONCEPT THE DOMAIN RECORD BELONGS TO.
CONCEPT_CLASS,CONCEPT_CLASS_ID,YES,VARCHAR(20),A UNIQUE KEY FOR EACH CLASS.
CONCEPT_CLASS,CONCEPT_CLASS_NAME,YES,VARCHAR(255),"THE NAME DESCRIBING THE CONCEPT CLASS, E.G. ?CLINICAL FINDING?, ?INGREDIENT?, ETC."
CONCEPT_CLASS,CONCEPT_CLASS_CONCEPT_ID,YES,INTEGER,A FOREIGN KEY THAT REFERS TO AN IDENTIFIER IN THEŸCONCEPTŸTABLE FOR THE UNIQUE CONCEPT CLASS THE RECORD BELONGS TO.
CONCEPT_RELATIONSHIP,CONCEPT_ID_1,YES,INTEGER,"A FOREIGN KEY TO A CONCEPT IN THEŸCONCEPTŸTABLE ASSOCIATED WITH THE RELATIONSHIP. RELATIONSHIPS ARE DIRECTIONAL, AND THIS FIELD REPRESENTS THE SOURCE CONCEPT DESIGNATION."
CONCEPT_RELATIONSHIP,CONCEPT_ID_2,YES,INTEGER,"A FOREIGN KEY TO A CONCEPT IN THEŸCONCEPTŸTABLE ASSOCIATED WITH THE RELATIONSHIP. RELATIONSHIPS ARE DIRECTIONAL, AND THIS FIELD REPRESENTS THE DESTINATION CONCEPT DESIGNATION."
CONCEPT_RELATIONSHIP,RELATIONSHIP_ID,YES,VARCHAR(20),A UNIQUE IDENTIFIER TO THE TYPE OR NATURE OF THE RELATIONSHIP AS DEFINED IN THEŸRELATIONSHIPŸTABLE.
CONCEPT_RELATIONSHIP,VALID_START_DATE,YES,DATE,THE DATE WHEN THE INSTANCE OF THE CONCEPT RELATIONSHIP IS FIRST RECORDED.
CONCEPT_RELATIONSHIP,VALID_END_DATE,YES,DATE,THE DATE WHEN THE CONCEPT RELATIONSHIP BECAME INVALID BECAUSE IT WAS DELETED OR SUPERSEDED (UPDATED) BY A NEW RELATIONSHIP. DEFAULT VALUE IS 31-DEC-2099.
CONCEPT_RELATIONSHIP,INVALID_REASON,NO,VARCHAR(1),"REASON THE RELATIONSHIP WAS INVALIDATED. POSSIBLE VALUES ARE 'D' (DELETED), 'U' (REPLACED WITH AN UPDATE) OR NULL WHEN VALID_END_DATE HAS THE DEFAULT VALUE."
RELATIONSHIP,RELATIONSHIP_ID,YES,VARCHAR(20),THE TYPE OF RELATIONSHIP CAPTURED BY THE RELATIONSHIP RECORD.
RELATIONSHIP,RELATIONSHIP_NAME,YES,VARCHAR(255),THE TEXT THAT DESCRIBES THE RELATIONSHIP TYPE.
RELATIONSHIP,IS_HIERARCHICAL,YES,VARCHAR(1),DEFINES WHETHER A RELATIONSHIP DEFINES CONCEPTS INTO CLASSES OR HIERARCHIES. VALUES ARE 1 FOR HIERARCHICAL RELATIONSHIP OR 0 IF NOT.
RELATIONSHIP,DEFINES_ANCESTRY,YES,VARCHAR(1),DEFINES WHETHER A HIERARCHICAL RELATIONSHIP CONTRIBUTES TO THE CONCEPT_ANCESTOR TABLE. THESE ARE SUBSETS OF THE HIERARCHICAL RELATIONSHIPS. VALID VALUES ARE 1 OR 0.
RELATIONSHIP,REVERSE_RELATIONSHIP_ID,YES,VARCHAR(20),THE IDENTIFIER FOR THE RELATIONSHIP USED TO DEFINE THE REVERSE RELATIONSHIP BETWEEN TWO CONCEPTS.
RELATIONSHIP,RELATIONSHIP_CONCEPT_ID,YES,INTEGER,A FOREIGN KEY THAT REFERS TO AN IDENTIFIER IN THE CONCEPT TABLE FOR THE UNIQUE RELATIONSHIP CONCEPT.
CONCEPT_SYNONYM,CONCEPT_ID,YES,INTEGER,A FOREIGN KEY TO THE CONCEPT IN THE CONCEPT TABLE.
CONCEPT_SYNONYM,CONCEPT_SYNONYM_NAME,YES,VARCHAR(1000),THE ALTERNATIVE NAME FOR THE CONCEPT.
CONCEPT_SYNONYM,LANGUAGE_CONCEPT_ID,YES,INTEGER,A FOREIGN KEY TO A CONCEPT REPRESENTING THE LANGUAGE.
CONCEPT_ANCESTOR,ANCESTOR_CONCEPT_ID,YES,INTEGER,A FOREIGN KEY TO THE CONCEPT IN THE CONCEPT TABLE FOR THE HIGHER-LEVEL CONCEPT THAT FORMS THE ANCESTOR IN THE RELATIONSHIP.
CONCEPT_ANCESTOR,DESCENDANT_CONCEPT_ID,YES,INTEGER,A FOREIGN KEY TO THE CONCEPT IN THE CONCEPT TABLE FOR THE LOWER-LEVEL CONCEPT THAT FORMS THE DESCENDANT IN THE RELATIONSHIP.
CONCEPT_ANCESTOR,MIN_LEVELS_OF_SEPARATION,YES,INTEGER,THE MINIMUM SEPARATION IN NUMBER OF LEVELS OF HIERARCHY BETWEEN ANCESTOR AND DESCENDANT CONCEPTS. THIS IS AN ATTRIBUTE THAT IS USED TO SIMPLIFY HIERARCHIC ANALYSIS.
CONCEPT_ANCESTOR,MAX_LEVELS_OF_SEPARATION,YES,INTEGER,THE MAXIMUM SEPARATION IN NUMBER OF LEVELS OF HIERARCHY BETWEEN ANCESTOR AND DESCENDANT CONCEPTS. THIS IS AN ATTRIBUTE THAT IS USED TO SIMPLIFY HIERARCHIC ANALYSIS.
SOURCE_TO_CONCEPT_MAP,SOURCE_CODE,YES,VARCHAR(50),THE SOURCE CODE BEING TRANSLATED INTO A STANDARD CONCEPT.
SOURCE_TO_CONCEPT_MAP,SOURCE_CONCEPT_ID,YES,INTEGER,A FOREIGN KEY TO THE SOURCE CONCEPT THAT IS BEING TRANSLATED INTO A STANDARD CONCEPT.
SOURCE_TO_CONCEPT_MAP,SOURCE_VOCABULARY_ID,NO,VARCHAR(20),A FOREIGN KEY TO THE VOCABULARY TABLE DEFINING THE VOCABULARY OF THE SOURCE CODE THAT IS BEING TRANSLATED TO A STANDARD CONCEPT.
SOURCE_TO_CONCEPT_MAP,SOURCE_CODE_DESCRIPTION,YES,VARCHAR(255),AN OPTIONAL DESCRIPTION FOR THE SOURCE CODE. THIS IS INCLUDED AS A CONVENIENCE TO COMPARE THE DESCRIPTION OF THE SOURCE CODE TO THE NAME OF THE CONCEPT.
SOURCE_TO_CONCEPT_MAP,TARGET_CONCEPT_ID,YES,INTEGER,A FOREIGN KEY TO THE TARGET CONCEPT TO WHICH THE SOURCE CODE IS BEING MAPPED.
SOURCE_TO_CONCEPT_MAP,TARGET_VOCABULARY_ID,YES,VARCHAR(20),A FOREIGN KEY TO THE VOCABULARY TABLE DEFINING THE VOCABULARY OF THE TARGET CONCEPT.
SOURCE_TO_CONCEPT_MAP,VALID_START_DATE,YES,DATE,THE DATE WHEN THE MAPPING INSTANCE WAS FIRST RECORDED.
SOURCE_TO_CONCEPT_MAP,VALID_END_DATE,YES,DATE,THE DATE WHEN THE MAPPING INSTANCE BECAME INVALID BECAUSE IT WAS DELETED OR SUPERSEDED (UPDATED) BY A NEW RELATIONSHIP. DEFAULT VALUE IS 31-DEC-2099.
SOURCE_TO_CONCEPT_MAP,INVALID_REASON,NO,VARCHAR(1),"REASON THE MAPPING INSTANCE WAS INVALIDATED. POSSIBLE VALUES ARE D (DELETED), U (REPLACED WITH AN UPDATE) OR NULL WHEN VALID_END_DATE HAS THE DEFAULT VALUE."
DRUG_STRENGTH,DRUG_CONCEPT_ID,YES,INTEGER,A FOREIGN KEY TO THE CONCEPT IN THE CONCEPT TABLE REPRESENTING THE IDENTIFIER FOR BRANDED DRUG OR CLINICAL DRUG CONCEPT.
DRUG_STRENGTH,INGREDIENT_CONCEPT_ID,YES,INTEGER,"A FOREIGN KEY TO THE CONCEPT IN THE CONCEPT TABLE, REPRESENTING THE IDENTIFIER FOR DRUG INGREDIENT CONCEPT CONTAINED WITHIN THE DRUG PRODUCT."
DRUG_STRENGTH,AMOUNT_VALUE,NO,FLOAT,THE NUMERIC VALUE ASSOCIATED WITH THE AMOUNT OF ACTIVE INGREDIENT CONTAINED WITHIN THE PRODUCT.
DRUG_STRENGTH,AMOUNT_UNIT_CONCEPT_ID,NO,INTEGER,A FOREIGN KEY TO THE CONCEPT IN THE CONCEPT TABLE REPRESENTING THE IDENTIFIER FOR THE UNIT FOR THE ABSOLUTE AMOUNT OF ACTIVE INGREDIENT.
DRUG_STRENGTH,NUMERATOR_VALUE,NO,FLOAT,THE NUMERIC VALUE ASSOCIATED WITH THE CONCENTRATION OF THE ACTIVE INGREDIENT CONTAINED IN THE PRODUCT
DRUG_STRENGTH,NUMERATOR_UNIT_CONCEPT_ID,NO,INTEGER,A FOREIGN KEY TO THE CONCEPT IN THE CONCEPT TABLE REPRESENTING THE IDENTIFIER FOR THE NUMERATOR UNIT FOR THE CONCENTRATION OF ACTIVE INGREDIENT.
DRUG_STRENGTH,DENOMINATOR_VALUE (V5.0.1),NO,FLOAT,"THE AMOUNT OF TOTAL LIQUID (OR OTHER DIVISIBLE PRODUCT, SUCH AS OINTMENT, GEL, SPRAY, ETC.)."
DRUG_STRENGTH,DENOMINATOR_UNIT_CONCEPT_ID,NO,INTEGER,A FOREIGN KEY TO THE CONCEPT IN THE CONCEPT TABLE REPRESENTING THE IDENTIFIER FOR THE DENOMINATOR UNIT FOR THE CONCENTRATION OF ACTIVE INGREDIENT.
DRUG_STRENGTH,VALID_START_DATE,YES,DATE,THE DATE WHEN THE CONCEPT WAS FIRST RECORDED. THE DEFAULT VALUE IS 1-JAN-1970.
DRUG_STRENGTH,VALID_END_DATE,YES,DATE,THE DATE WHEN THE CONCEPT BECAME INVALID BECAUSE IT WAS DELETED OR SUPERSEDED (UPDATED) BY A NEW CONCEPT. THE DEFAULT VALUE IS 31-DEC-2099.
DRUG_STRENGTH,INVALID_REASON,NO,VARCHAR(1),"REASON THE CONCEPT WAS INVALIDATED. POSSIBLE VALUES ARE 'D' (DELETED), 'U' (REPLACED WITH AN UPDATE) OR NULL WHEN VALID_END_DATE HAS THE DEFAULT VALUE."
COHORT_DEFINITION,COHORT_DEFINITION_ID,YES,INTEGER,A UNIQUE IDENTIFIER FOR EACH COHORT.
COHORT_DEFINITION,COHORT_DEFINITION_NAME,YES,VARCHAR(255),A SHORT DESCRIPTION OF THE COHORT.
COHORT_DEFINITION,COHORT_DEFINITION_DESCRIPTION,NO,CLOB,A COMPLETE DESCRIPTION OF THE COHORT DEFINITION
COHORT_DEFINITION,DEFINITION_TYPE_CONCEPT_ID,YES,INTEGER,TYPE DEFINING WHAT KIND OF COHORT DEFINITION THE RECORD REPRESENTS AND HOW THE SYNTAX MAY BE EXECUTED
COHORT_DEFINITION,COHORT_DEFINITION_SYNTAX,NO,CLOB,SYNTAX OR CODE TO OPERATIONALIZE THE COHORT DEFINITION
COHORT_DEFINITION,SUBJECT_CONCEPT_ID,YES,INTEGER,"A FOREIGN KEY TO THE CONCEPT TO WHICH DEFINES THE DOMAIN OF SUBJECTS THAT ARE MEMBERS OF THE COHORT (E.G., PERSON, PROVIDER, VISIT)."
COHORT_DEFINITION,COHORT_INSTANTIATION_DATE,NO,DATE,A DATE TO INDICATE WHEN THE COHORT WAS INSTANTIATED IN THE COHORT TABLE
ATTRIBUTE_DEFINITION,ATTRIBUTE_DEFINITION_ID,YES,INTEGER,A UNIQUE IDENTIFIER FOR EACH ATTRIBUTE.
ATTRIBUTE_DEFINITION,ATTRIBUTE_NAME,YES,VARCHAR(255),A SHORT DESCRIPTION OF THE ATTRIBUTE.
ATTRIBUTE_DEFINITION,ATTRIBUTE_DESCRIPTION,NO,CLOB,A COMPLETE DESCRIPTION OF THE ATTRIBUTE DEFINITION
ATTRIBUTE_DEFINITION,ATTRIBUTE_TYPE_CONCEPT_ID,YES,INTEGER,TYPE DEFINING WHAT KIND OF ATTRIBUTE DEFINITION THE RECORD REPRESENTS AND HOW THE SYNTAX MAY BE EXECUTED
ATTRIBUTE_DEFINITION,ATTRIBUTE_SYNTAX,NO,CLOB,SYNTAX OR CODE TO OPERATIONALIZE THE ATTRIBUTE DEFINITION
CDM_SOURCE,CDM_SOURCE_NAME,YES,VARCHAR(255),THE FULL NAME OF THE SOURCE
CDM_SOURCE,CDM_SOURCE_ABBREVIATION,NO,VARCHAR(25),AN ABBREVIATION OF THE NAME
CDM_SOURCE,CDM_HOLDER,NO,VARCHAR(255),THE NAME OF THE ORGANIZATION RESPONSIBLE FOR THE DEVELOPMENT OF THE CDM INSTANCE
CDM_SOURCE,SOURCE_DESCRIPTION,NO,CLOB,A DESCRIPTION OF THE SOURCE DATA ORIGIN AND PURPOSE FOR COLLECTION. THE DESCRIPTION MAY CONTAIN A SUMMARY OF THE PERIOD OF TIME THAT IS EXPECTED TO BE COVERED BY THIS DATASET.
CDM_SOURCE,SOURCE_DOCUMENTATION_REFERENCE,NO,VARCHAR(255),URLŸOR OTHER EXTERNAL REFERENCE TO LOCATION OF SOURCE DOCUMENTATION
CDM_SOURCE,CDM_ETL _REFERENCE,NO,VARCHAR(255),URLŸOR OTHER EXTERNAL REFERENCE TO LOCATION OF ETL SPECIFICATION DOCUMENTATION AND ETL SOURCE CODE
CDM_SOURCE,SOURCE_RELEASE_DATE,NO,DATE,"THE DATE FOR WHICH THE SOURCE DATA ARE MOST CURRENT, SUCH AS THE LAST DAY OF DATA CAPTURE"
CDM_SOURCE,CDM_RELEASE_DATE,NO,DATE,THE DATE WHEN THE CDM WAS INSTANTIATED
CDM_SOURCE,CDM_VERSION,NO,VARCHAR(10),THE VERSION OF CDM USED
CDM_SOURCE,VOCABULARY_VERSION,NO,VARCHAR(20),THE VERSION OF THE VOCABULARY USED
PERSON,PERSON_ID,YES,INTEGER,A UNIQUE IDENTIFIER FOR EACH PERSON.
PERSON,GENDER_CONCEPT_ID,YES,INTEGER,A FOREIGN KEY THAT REFERS TO AN IDENTIFIER IN THE CONCEPT TABLE FOR THE UNIQUE GENDER OF THE PERSON.
PERSON,YEAR_OF_BIRTH,YES,INTEGER,"THE YEAR OF BIRTH OF THE PERSON. FOR DATA SOURCES WITH DATE OF BIRTH, THE YEAR IS EXTRACTED. FOR DATA SOURCES WHERE THE YEAR OF BIRTH IS NOT AVAILABLE, THE APPROXIMATE YEAR OF BIRTH IS DERIVED BASED ON ANY AGE GROUP CATEGORIZATION AVAILABLE."
PERSON,MONTH_OF_BIRTH,NO,INTEGER,"THE MONTH OF BIRTH OF THE PERSON. FOR DATA SOURCES THAT PROVIDE THE PRECISE DATE OF BIRTH, THE MONTH IS EXTRACTED AND STORED IN THIS FIELD."
PERSON,DAY_OF_BIRTH,NO,INTEGER,"THE DAY OF THE MONTH OF BIRTH OF THE PERSON. FOR DATA SOURCES THAT PROVIDE THE PRECISE DATE OF BIRTH, THE DAY IS EXTRACTED AND STORED IN THIS FIELD."
PERSON,BIRTH_DATETIME,NO,DATETIME,THE DATE AND TIME OF BIRTH OF THE PERSON.
PERSON,RACE_CONCEPT_ID,YES,INTEGER,A FOREIGN KEY THAT REFERS TO AN IDENTIFIER IN THE CONCEPT TABLE FOR THE UNIQUE RACE OF THE PERSON.
PERSON,ETHNICITY_CONCEPT_ID,YES,INTEGER,A FOREIGN KEY THAT REFERS TO THE STANDARD CONCEPT IDENTIFIER IN THE STANDARDIZED VOCABULARIES FOR THE ETHNICITY OF THE PERSON.
PERSON,LOCATION_ID,NO,INTEGER,"A FOREIGN KEY TO THE PLACE OF RESIDENCY FOR THE PERSON IN THE LOCATION TABLE, WHERE THE DETAILED ADDRESS INFORMATION IS STORED."
PERSON,PROVIDER_ID,NO,INTEGER,A FOREIGN KEY TO THE PRIMARY CARE PROVIDER THE PERSON IS SEEING IN THE PROVIDER TABLE.
PERSON,CARE_SITE_ID,NO,INTEGER,"A FOREIGN KEY TO THE SITE OF PRIMARY CARE IN THE CARE_SITE TABLE, WHERE THE DETAILS OF THE CARE SITE ARE STORED."
PERSON,PERSON_SOURCE_VALUE,NO,VARCHAR(50),AN (ENCRYPTED) KEY DERIVED FROM THE PERSON IDENTIFIER IN THE SOURCE DATA. THIS IS NECESSARY WHEN A USE CASE REQUIRES A LINK BACK TO THE PERSON DATA AT THE SOURCE DATASET.
PERSON,GENDER_SOURCE_VALUE,NO,VARCHAR(50),THE SOURCE CODE FOR THE GENDER OF THE PERSON AS IT APPEARS IN THE SOURCE DATA. THE PERSON?S GENDER IS MAPPED TO A STANDARD GENDER CONCEPT IN THE STANDARDIZED VOCABULARIES; THE ORIGINAL VALUE IS STORED HERE FOR REFERENCE.
PERSON,GENDER_SOURCE_CONCEPT_ID,NO,INTEGER,A FOREIGN KEY TO THE GENDER CONCEPT THAT REFERS TO THE CODE USED IN THE SOURCE.
PERSON,RACE_SOURCE_VALUE,NO,VARCHAR(50),THE SOURCE CODE FOR THE RACE OF THE PERSON AS IT APPEARS IN THE SOURCE DATA. THE PERSON RACE IS MAPPED TO A STANDARD RACE CONCEPT IN THE STANDARDIZED VOCABULARIES AND THE ORIGINAL VALUE IS STORED HERE FOR REFERENCE.
PERSON,RACE_SOURCE_CONCEPT_ID,NO,INTEGER,A FOREIGN KEY TO THE RACE CONCEPT THAT REFERS TO THE CODE USED IN THE SOURCE.
PERSON,ETHNICITY_SOURCE_VALUE,NO,VARCHAR(50),"THE SOURCE CODE FOR THE ETHNICITY OF THE PERSON AS IT APPEARS IN THE SOURCE DATA. THE PERSON ETHNICITY IS MAPPED TO A STANDARD ETHNICITY CONCEPT IN THE STANDARDIZED VOCABULARIES AND THE ORIGINAL CODE IS, STORED HERE FOR REFERENCE."
PERSON,ETHNICITY_SOURCE_CONCEPT_ID,NO,INTEGER,A FOREIGN KEY TO THE ETHNICITY CONCEPT THAT REFERS TO THE CODE USED IN THE SOURCE.
OBSERVATION_PERIOD,OBSERVATION_PERIOD_ID,YES,INTEGER,A UNIQUE IDENTIFIER FOR EACH OBSERVATION PERIOD.
OBSERVATION_PERIOD,PERSON_ID,YES,INTEGER,A FOREIGN KEY IDENTIFIER TO THE PERSON FOR WHOM THE OBSERVATION PERIOD IS DEFINED. THE DEMOGRAPHIC DETAILS OF THAT PERSON ARE STORED IN THE PERSON TABLE.
OBSERVATION_PERIOD,OBSERVATION_PERIOD_START_DATE,YES,DATE,THE START DATE OF THE OBSERVATION PERIOD FOR WHICH DATA ARE AVAILABLE FROM THE DATA SOURCE.
OBSERVATION_PERIOD,OBSERVATION_PERIOD_END_DATE,YES,DATE,THE END DATE OF THE OBSERVATION PERIOD FOR WHICH DATA ARE AVAILABLE FROM THE DATA SOURCE.
OBSERVATION_PERIOD,PERIOD_TYPE_CONCEPT_ID,YES,INTEGER,A FOREIGN KEY IDENTIFIER TO THE PREDEFINED CONCEPT IN THE STANDARDIZED VOCABULARIES REFLECTING THE SOURCE OF THE OBSERVATION PERIOD INFORMATION
SPECIMEN,SPECIMEN_ID,YES,INTEGER,A UNIQUE IDENTIFIER FOR EACH SPECIMEN.
SPECIMEN,PERSON_ID,YES,INTEGER,A FOREIGN KEY IDENTIFIER TO THE PERSON FOR WHOM THE SPECIMEN IS RECORDED.
SPECIMEN,SPECIMEN_CONCEPT_ID,YES,INTEGER,A FOREIGN KEY REFERRING TO A STANDARD CONCEPT IDENTIFIER IN THE STANDARDIZED VOCABULARIES FOR THE SPECIMEN.
SPECIMEN,SPECIMEN_TYPE_CONCEPT_ID,YES,INTEGER,A FOREIGN KEY REFERRING TO THE CONCEPT IDENTIFIER IN THE STANDARDIZED VOCABULARIES REFLECTING THE SYSTEM OF RECORD FROM WHICH THE SPECIMEN WAS REPRESENTED IN THE SOURCE DATA.
SPECIMEN,SPECIMEN_DATE,YES,DATE,THE DATE THE SPECIMEN WAS OBTAINED FROM THE PERSON.
SPECIMEN,SPECIMEN_DATETIME,NO,DATETIME,THE DATE AND TIME ON THE DATE WHEN THE SPECIMEN WAS OBTAINED FROM THE PERSON.
SPECIMEN,QUANTITY,NO,FLOAT,THE AMOUNT OF SPECIMEN COLLECTION FROM THE PERSON DURING THE SAMPLING PROCEDURE.
SPECIMEN,UNIT_CONCEPT_ID,NO,INTEGER,A FOREIGN KEY TO A STANDARD CONCEPT IDENTIFIER FOR THE UNIT ASSOCIATED WITH THE NUMERIC QUANTITY OF THE SPECIMEN COLLECTION.
SPECIMEN,ANATOMIC_SITE_CONCEPT_ID,NO,INTEGER,A FOREIGN KEY TO A STANDARD CONCEPT IDENTIFIER FOR THE ANATOMIC LOCATION OF SPECIMEN COLLECTION.
SPECIMEN,DISEASE_STATUS_CONCEPT_ID,NO,INTEGER,A FOREIGN KEY TO A STANDARD CONCEPT IDENTIFIER FOR THE DISEASE STATUS OF SPECIMEN COLLECTION.
SPECIMEN,SPECIMEN_SOURCE_ID,NO,VARCHAR(50),THE SPECIMEN IDENTIFIER AS IT APPEARS IN THE SOURCE DATA.
SPECIMEN,SPECIMEN_SOURCE_VALUE,NO,VARCHAR(50),"THE SPECIMEN VALUE AS IT APPEARS IN THE SOURCE DATA. THIS VALUE IS MAPPED TO A STANDARD CONCEPT IN THE STANDARDIZED VOCABULARIES AND THE ORIGINAL CODE IS, STORED HERE FOR REFERENCE."
SPECIMEN,UNIT_SOURCE_VALUE,NO,VARCHAR(50),THE INFORMATION ABOUT THE UNIT AS DETAILED IN THE SOURCE.
SPECIMEN,ANATOMIC_SITE_SOURCE_VALUE,NO,VARCHAR(50),THE INFORMATION ABOUT THE ANATOMIC SITE AS DETAILED IN THE SOURCE.
SPECIMEN,DISEASE_STATUS_SOURCE_VALUE,NO,VARCHAR(50),THE INFORMATION ABOUT THE DISEASE STATUS AS DETAILED IN THE SOURCE.
DEATH,PERSON_ID,YES,INTEGER,A FOREIGN KEY IDENTIFIER TO THE DECEASED PERSON. THE DEMOGRAPHIC DETAILS OF THAT PERSON ARE STORED IN THE PERSON TABLE.
DEATH,DEATH_DATE,YES,DATE,"THE DATE THE PERSON WAS DECEASED. IF THE PRECISE DATE INCLUDING DAY OR MONTH IS NOT KNOWN OR NOT ALLOWED, DECEMBER IS USED AS THE DEFAULT MONTH, AND THE LAST DAY OF THE MONTH THE DEFAULT DAY."
DEATH,DEATH_DATETIME,NO,DATETIME,"THE DATE AND TIME THE PERSON WAS DECEASED. IF THE PRECISE DATE INCLUDING DAY OR MONTH IS NOT KNOWN OR NOT ALLOWED, DECEMBER IS USED AS THE DEFAULT MONTH, AND THE LAST DAY OF THE MONTH THE DEFAULT DAY."
DEATH,DEATH_TYPE_CONCEPT_ID,YES,INTEGER,A FOREIGN KEY REFERRING TO THE PREDEFINED CONCEPT IDENTIFIER IN THE STANDARDIZED VOCABULARIES REFLECTING HOW THE DEATH WAS REPRESENTED IN THE SOURCE DATA.
DEATH,CAUSE_CONCEPT_ID,NO,INTEGER,A FOREIGN KEY REFERRING TO A STANDARD CONCEPT IDENTIFIER IN THE STANDARDIZED VOCABULARIES FOR CONDITIONS.
DEATH,CAUSE_SOURCE_VALUE,NO,VARCHAR(50),"THE SOURCE CODE FOR THE CAUSE OF DEATH AS IT APPEARS IN THE SOURCE DATA. THIS CODE IS MAPPED TO A STANDARD CONCEPT IN THE STANDARDIZED VOCABULARIES AND THE ORIGINAL CODE IS, STORED HERE FOR REFERENCE."
DEATH,CAUSE_SOURCE_CONCEPT_ID,NO,INTEGER,"A FOREIGN KEY TO THE CONCEPT THAT REFERS TO THE CODE USED IN THE SOURCE. NOTE, THIS VARIABLE NAME IS ABBREVIATED TO ENSURE IT WILL BE ALLOWABLE ACROSS DATABASE PLATFORMS."
VISIT_OCCURRENCE,VISIT_OCCURRENCE_ID,YES,INTEGER,A UNIQUE IDENTIFIER FOR EACH PERSON'S VISIT OR ENCOUNTER AT A HEALTHCARE PROVIDER.
VISIT_OCCURRENCE,PERSON_ID,YES,INTEGER,A FOREIGN KEY IDENTIFIER TO THE PERSON FOR WHOM THE VISIT IS RECORDED. THE DEMOGRAPHIC DETAILS OF THAT PERSON ARE STORED IN THE PERSON TABLE.
VISIT_OCCURRENCE,VISIT_CONCEPT_ID,YES,INTEGER,A FOREIGN KEY THAT REFERS TO A VISIT CONCEPT IDENTIFIER IN THE STANDARDIZED VOCABULARIES.
VISIT_OCCURRENCE,VISIT_START_DATE,YES,DATE,THE START DATE OF THE VISIT.
VISIT_OCCURRENCE,VISIT_START_DATETIME,NO,DATETIME,THE DATE AND TIME OF THE VISIT STARTED.
VISIT_OCCURRENCE,VISIT_END_DATE,YES,DATE,THE END DATE OF THE VISIT. IF THIS IS A ONE-DAY VISIT THE END DATE SHOULD MATCH THE START DATE.
VISIT_OCCURRENCE,VISIT_END_DATETIME,NO,DATETIME,THE DATE AND TIME OF THE VISIT END.
VISIT_OCCURRENCE,VISIT_TYPE_CONCEPT_ID,YES,INTEGER,A FOREIGN KEY TO THE PREDEFINED CONCEPT IDENTIFIER IN THE STANDARDIZED VOCABULARIES REFLECTING THE TYPE OF SOURCE DATA FROM WHICH THE VISIT RECORD IS DERIVED.
VISIT_OCCURRENCE,PROVIDER_ID,NO,INTEGER,A FOREIGN KEY TO THE PROVIDER IN THE PROVIDER TABLE WHO WAS ASSOCIATED WITH THE VISIT.
VISIT_OCCURRENCE,CARE_SITE_ID,NO,INTEGER,A FOREIGN KEY TO THE CARE SITE IN THE CARE SITE TABLE THAT WAS VISITED.
VISIT_OCCURRENCE,ADMITTING_SOURCE_CONCEPT_ID,NO,INTEGER,A FOREIGN KEY TO THE PREDEFINED CONCEPT IN THE PLACE OF SERVICE VOCABULARY REFLECTING THE ADMITTING SOURCE FOR A VISIT.
VISIT_OCCURRENCE,DISCHARGE_TO_CONCEPT_ID,NO,INTEGER,A FOREIGN KEY TO THE PREDEFINED CONCEPT IN THE PLACE OF SERVICE VOCABULARY REFLECTING THE DISCHARGE DISPOSITION (DESTINATION) FOR A VISIT.
VISIT_OCCURRENCE,PRECEDING_VISIT_OCCURRENCE_ID,NO,INTEGER,A FOREIGN KEY TO THE VISIT_OCCURRENCE TABLE RECORD OF THE VISIT IMMEDIATELY PRECEDING THIS VISIT.
VISIT_OCCURRENCE,VISIT_SOURCE_VALUE,NO,STRING(50),THE SOURCE CODE FOR THE VISIT AS IT APPEARS IN THE SOURCE DATA.
VISIT_OCCURRENCE,VISIT_SOURCE_CONCEPT_ID,NO,INTEGER,A FOREIGN KEY TO A CONCEPT THAT REFERS TO THE CODE USED IN THE SOURCE.
VISIT_OCCURRENCE,ADMITTING_SOURCE_VALUE,NO,STRING(50),THE SOURCE CODE FOR THE ADMITTING SOURCE AS IT APPEARS IN THE SOURCE DATA.
VISIT_OCCURRENCE,DISCHARGE_TO_SOURCE_VALUE,NO,STRING(50),THE SOURCE CODE FOR THE DISCHARGE DISPOSITION AS IT APPEARS IN THE SOURCE DATA.
PROCEDURE_OCCURRENCE,PROCEDURE_OCCURRENCE_ID,YES,INTEGER,A SYSTEM-GENERATED UNIQUE IDENTIFIER FOR EACH PROCEDURE OCCURRENCE.
PROCEDURE_OCCURRENCE,PERSON_ID,YES,INTEGER,A FOREIGN KEY IDENTIFIER TO THE PERSON WHO IS SUBJECTED TO THE PROCEDURE. THE DEMOGRAPHIC DETAILS OF THAT PERSON ARE STORED IN THE PERSON TABLE.
PROCEDURE_OCCURRENCE,PROCEDURE_CONCEPT_ID,YES,INTEGER,A FOREIGN KEY THAT REFERS TO A STANDARD PROCEDURE CONCEPT IDENTIFIER IN THE STANDARDIZED VOCABULARIES.
PROCEDURE_OCCURRENCE,PROCEDURE_DATE,YES,DATE,THE DATE ON WHICH THE PROCEDURE WAS PERFORMED.
PROCEDURE_OCCURRENCE,PROCEDURE_DATETIME,NO,DATETIME,THE DATE AND TIME ON WHICH THE PROCEDURE WAS PERFORMED.
PROCEDURE_OCCURRENCE,PROCEDURE_TYPE_CONCEPT_ID,YES,INTEGER,A FOREIGN KEY TO THE PREDEFINED CONCEPT IDENTIFIER IN THE STANDARDIZED VOCABULARIES REFLECTING THE TYPE OF SOURCE DATA FROM WHICH THE PROCEDURE RECORD IS DERIVED.
PROCEDURE_OCCURRENCE,MODIFIER_CONCEPT_ID,NO,INTEGER,A FOREIGN KEY TO A STANDARD CONCEPT IDENTIFIER FOR A MODIFIER TO THE PROCEDURE (E.G. BILATERAL)
PROCEDURE_OCCURRENCE,QUANTITY,NO,INTEGER,THE QUANTITY OF PROCEDURES ORDERED OR ADMINISTERED.
PROCEDURE_OCCURRENCE,PROVIDER_ID,NO,INTEGER,A FOREIGN KEY TO THE PROVIDER IN THE PROVIDER TABLE WHO WAS RESPONSIBLE FOR CARRYING OUT THE PROCEDURE.
PROCEDURE_OCCURRENCE,VISIT_OCCURRENCE_ID,NO,INTEGER,A FOREIGN KEY TO THE VISIT IN THE VISIT TABLE DURING WHICH THE PROCEDURE WAS CARRIED OUT.
PROCEDURE_OCCURRENCE,PROCEDURE_SOURCE_VALUE,NO,VARCHAR(50),"THE SOURCE CODE FOR THE PROCEDURE AS IT APPEARS IN THE SOURCE DATA. THIS CODE IS MAPPED TO A STANDARD PROCEDURE CONCEPT IN THE STANDARDIZED VOCABULARIES AND THE ORIGINAL CODE IS, STORED HERE FOR REFERENCE. PROCEDURE SOURCE CODES ARE TYPICALLY ICD-9-PROC, CPT-4, HCPCS OR OPCS-4 CODES."
PROCEDURE_OCCURRENCE,PROCEDURE_SOURCE_CONCEPT_ID,NO,INTEGER,A FOREIGN KEY TO A PROCEDURE CONCEPT THAT REFERS TO THE CODE USED IN THE SOURCE.
PROCEDURE_OCCURRENCE,QUALIFIER_SOURCE_VALUE,NO,VARCHAR(50),THE SOURCE CODE FOR THE QUALIFIER AS IT APPEARS IN THE SOURCE DATA.
DRUG_EXPOSURE,DRUG_EXPOSURE_ID,YES,INTEGER,A SYSTEM-GENERATED UNIQUE IDENTIFIER FOR EACH DRUG UTILIZATION EVENT.
DRUG_EXPOSURE,PERSON_ID,YES,INTEGER,A FOREIGN KEY IDENTIFIER TO THE PERSON WHO IS SUBJECTED TO THE DRUG. THE DEMOGRAPHIC DETAILS OF THAT PERSON ARE STORED IN THE PERSON TABLE.
DRUG_EXPOSURE,DRUG_CONCEPT_ID,YES,INTEGER,A FOREIGN KEY THAT REFERS TO A STANDARD CONCEPT IDENTIFIER IN THE STANDARDIZED VOCABULARIES FOR THE DRUG CONCEPT.
DRUG_EXPOSURE,DRUG_EXPOSURE_START_DATE,YES,DATE,"THE START DATE FOR THE CURRENT INSTANCE OF DRUG UTILIZATION. VALID ENTRIES INCLUDE A START DATE OF A PRESCRIPTION, THE DATE A PRESCRIPTION WAS FILLED, OR THE DATE ON WHICH A DRUG ADMINISTRATION PROCEDURE WAS RECORDED."
DRUG_EXPOSURE,DRUG_EXPOSURE_START_DATETIME,NO,DATETIME,"THE START DATE AND TIME FOR THE CURRENT INSTANCE OF DRUG UTILIZATION. VALID ENTRIES INCLUDE A START DATE OF A PRESCRIPTION, THE DATE A PRESCRIPTION WAS FILLED, OR THE DATE ON WHICH A DRUG ADMINISTRATION PROCEDURE WAS RECORDED."
DRUG_EXPOSURE,DRUG_EXPOSURE_END_DATE,NO,DATE,THE END DATE FOR THE CURRENT INSTANCE OF DRUG UTILIZATION. IT IS NOT AVAILABLE FROM ALL SOURCES.
DRUG_EXPOSURE,DRUG_EXPOSURE_END_DATETIME,NO,DATETIME,THE END DATE AND TIME FOR THE CURRENT INSTANCE OF DRUG UTILIZATION. IT IS NOT AVAILABLE FROM ALL SOURCES.
DRUG_EXPOSURE,DRUG_TYPE_CONCEPT_ID,YES,INTEGER,A FOREIGN KEY TO THE PREDEFINED CONCEPT IDENTIFIER IN THE STANDARDIZED VOCABULARIES REFLECTING THE TYPE OF DRUG EXPOSURE RECORDED. IT INDICATES HOW THE DRUG EXPOSURE WAS REPRESENTED IN THE SOURCE DATA.
DRUG_EXPOSURE,STOP_REASON,NO,VARCHAR(20),"THE REASON THE DRUG WAS STOPPED. REASONS INCLUDE REGIMEN COMPLETED, CHANGED, REMOVED, ETC."
DRUG_EXPOSURE,REFILLS,NO,INTEGER,"THE NUMBER OF REFILLS AFTER THE INITIAL PRESCRIPTION. THE INITIAL PRESCRIPTION IS NOT COUNTED, VALUES START WITH 0."
DRUG_EXPOSURE,QUANTITY,NO,FLOAT,THE QUANTITY OF DRUG AS RECORDED IN THE ORIGINAL PRESCRIPTION OR DISPENSING RECORD.
DRUG_EXPOSURE,DAYS_SUPPLY,NO,INTEGER,THE NUMBER OF DAYS OF SUPPLY OF THE MEDICATION AS RECORDED IN THE ORIGINAL PRESCRIPTION OR DISPENSING RECORD.
DRUG_EXPOSURE,SIG,NO,CLOB,THE DIRECTIONS (?SIGNETUR?) ON THE DRUG PRESCRIPTION AS RECORDED IN THE ORIGINAL PRESCRIPTION (AND PRINTED ON THE CONTAINER) OR DISPENSING RECORD.
DRUG_EXPOSURE,ROUTE_CONCEPT_ID,NO,INTEGER,A FOREIGN KEY TO A PREDEFINED CONCEPT IN THE STANDARDIZED VOCABULARIES REFLECTING THE ROUTE OF ADMINISTRATION.
DRUG_EXPOSURE,EFFECTIVE_DRUG_DOSE,NO,FLOAT,NUMERICAL VALUE OF DRUG DOSE FOR THIS DRUG EXPOSURE RECORD.
DRUG_EXPOSURE,DOSE_UNIT_CONCEPT_ ID,NO,INTEGER,A FOREIGN KEY TO A PREDEFINED CONCEPT IN THE STANDARDIZED VOCABULARIES REFLECTING THE UNIT THE EFFECTIVE_DRUG_DOSE VALUE IS EXPRESSED.
DRUG_EXPOSURE,LOT_NUMBER,NO,VARCHAR(50),AN IDENTIFIER ASSIGNED TO A PARTICULAR QUANTITY OR LOT OF DRUG PRODUCT FROM THE MANUFACTURER.
DRUG_EXPOSURE,PROVIDER_ID,NO,INTEGER,A FOREIGN KEY TO THE PROVIDER IN THE PROVIDER TABLE WHO INITIATED (PRESCRIBED OR ADMINISTERED) THE DRUG EXPOSURE.
DRUG_EXPOSURE,VISIT_OCCURRENCE_ID,NO,INTEGER,A FOREIGN KEY TO THE VISIT IN THE VISIT TABLE DURING WHICH THE DRUG EXPOSURE WAS INITIATED.
DRUG_EXPOSURE,DRUG_SOURCE_VALUE,NO,VARCHAR(50),"THE SOURCE CODE FOR THE DRUG AS IT APPEARS IN THE SOURCE DATA. THIS CODE IS MAPPED TO A STANDARD DRUG CONCEPT IN THE STANDARDIZED VOCABULARIES AND THE ORIGINAL CODE IS, STORED HERE FOR REFERENCE."
DRUG_EXPOSURE,DRUG_SOURCE_CONCEPT_ID,NO,INTEGER,A FOREIGN KEY TO A DRUG CONCEPT THAT REFERS TO THE CODE USED IN THE SOURCE.
DRUG_EXPOSURE,ROUTE_SOURCE_VALUE,NO,VARCHAR(50),THE INFORMATION ABOUT THE ROUTE OF ADMINISTRATION AS DETAILED IN THE SOURCE.
DRUG_EXPOSURE,DOSE_UNIT_SOURCE_VALUE,NO,VARCHAR(50),THE INFORMATION ABOUT THE DOSE UNIT AS DETAILED IN THE SOURCE.
DEVICE_EXPOSURE,DEVICE_EXPOSURE_ID,YES,INTEGER,A SYSTEM-GENERATED UNIQUE IDENTIFIER FOR EACH DEVICE EXPOSURE.
DEVICE_EXPOSURE,PERSON_ID,YES,INTEGER,A FOREIGN KEY IDENTIFIER TO THE PERSON WHO IS SUBJECTED TO THE DEVICE. THE DEMOGRAPHIC DETAILS OF THAT PERSON ARE STORED IN THE PERSON TABLE.
DEVICE_EXPOSURE,DEVICE_CONCEPT_ID,YES,INTEGER,A FOREIGN KEY THAT REFERS TO A STANDARD CONCEPT IDENTIFIER IN THE STANDARDIZED VOCABULARIES FOR THE DEVICE CONCEPT.
DEVICE_EXPOSURE,DEVICE_EXPOSURE_START_DATE,YES,DATE,THE DATE THE DEVICE OR SUPPLY WAS APPLIED OR USED.
DEVICE_EXPOSURE,DEVICE_EXPOSURE_START_DATETIME,NO,DATETIME,THE DATE AND TIME THE DEVICE OR SUPPLY WAS APPLIED OR USED.
DEVICE_EXPOSURE,DEVICE_EXPOSURE_END_DATE,NO,DATE,THE DATE THE DEVICE OR SUPPLY WAS REMOVED FROM USE.
DEVICE_EXPOSURE,DEVICE_EXPOSURE_END_DATETIME,NO,DATETIME,THE DATE AND TIME THE DEVICE OR SUPPLY WAS REMOVED FROM USE.
DEVICE_EXPOSURE,DEVICE_TYPE_CONCEPT_ID,YES,INTEGER,A FOREIGN KEY TO THE PREDEFINED CONCEPT IDENTIFIER IN THE STANDARDIZED VOCABULARIES REFLECTING THE TYPE OF DEVICE EXPOSURE RECORDED. IT INDICATES HOW THE DEVICE EXPOSURE WAS REPRESENTED IN THE SOURCE DATA.
DEVICE_EXPOSURE,UNIQUE_DEVICE_ID,NO,VARCHAR(50),A UDI OR EQUIVALENT IDENTIFYING THE INSTANCE OF THE DEVICE USED IN THE PERSON.
DEVICE_EXPOSURE,QUANTITY,NO,INTEGER,THE NUMBER OF INDIVIDUAL DEVICES USED FOR THE EXPOSURE.
DEVICE_EXPOSURE,PROVIDER_ID,NO,INTEGER,A FOREIGN KEY TO THE PROVIDER IN THE PROVIDER TABLE WHO INITIATED OF ADMINISTERED THE DEVICE.
DEVICE_EXPOSURE,VISIT_OCCURRENCE_ID,NO,INTEGER,A FOREIGN KEY TO THE VISIT IN THE VISIT TABLE DURING WHICH THE DEVICE WAS USED.
DEVICE_EXPOSURE,DEVICE_SOURCE_VALUE,NO,VARCHAR(50),THE SOURCE CODE FOR THE DEVICE AS IT APPEARS IN THE SOURCE DATA. THIS CODE IS MAPPED TO A STANDARD DEVICE CONCEPT IN THE STANDARDIZED VOCABULARIES AND THE ORIGINAL CODE IS STORED HERE FOR REFERENCE.
DEVICE_EXPOSURE,DEVICE_SOURCE_ CONCEPT_ID,NO,INTEGER,A FOREIGN KEY TO A DEVICE CONCEPT THAT REFERS TO THE CODE USED IN THE SOURCE.
CONDITION_OCCURRENCE,CONDITION_OCCURRENCE_ID,YES,INTEGER,A UNIQUE IDENTIFIER FOR EACH CONDITION OCCURRENCE EVENT.
CONDITION_OCCURRENCE,PERSON_ID,YES,INTEGER,A FOREIGN KEY IDENTIFIER TO THE PERSON WHO IS EXPERIENCING THE CONDITION. THE DEMOGRAPHIC DETAILS OF THAT PERSON ARE STORED IN THE PERSON TABLE.
CONDITION_OCCURRENCE,CONDITION_CONCEPT_ID,YES,INTEGER,A FOREIGN KEY THAT REFERS TO A STANDARD CONDITION CONCEPT IDENTIFIER IN THE STANDARDIZED VOCABULARIES.
CONDITION_OCCURRENCE,CONDITION_START_DATE,YES,DATE,THE DATE WHEN THE INSTANCE OF THE CONDITION IS RECORDED.
CONDITION_OCCURRENCE,CONDITION_START_DATETIME,NO,DATETIME,THE DATE AND TIME WHEN THE INSTANCE OF THE CONDITION IS RECORDED.
CONDITION_OCCURRENCE,CONDITION_END_DATE,NO,DATE,THE DATE WHEN THE INSTANCE OF THE CONDITION IS CONSIDERED TO HAVE ENDED.
CONDITION_OCCURRENCE,CONDITION_END_DATETIME,NO,DATE,THE DATE WHEN THE INSTANCE OF THE CONDITION IS CONSIDERED TO HAVE ENDED.
CONDITION_OCCURRENCE,CONDITION_TYPE_CONCEPT_ID,YES,INTEGER,"A FOREIGN KEY TO THE PREDEFINED CONCEPT IDENTIFIER IN THE STANDARDIZED VOCABULARIES REFLECTING THE SOURCE DATA FROM WHICH THE CONDITION WAS RECORDED, THE LEVEL OF STANDARDIZATION, AND THE TYPE OF OCCURRENCE."
CONDITION_OCCURRENCE,STOP_REASON,NO,VARCHAR(20),"THE REASON THAT THE CONDITION WAS NO LONGER PRESENT, AS INDICATED IN THE SOURCE DATA."
CONDITION_OCCURRENCE,PROVIDER_ID,NO,INTEGER,A FOREIGN KEY TO THE PROVIDER IN THE PROVIDER TABLE WHO WAS RESPONSIBLE FOR CAPTURING (DIAGNOSING) THE CONDITION.
CONDITION_OCCURRENCE,VISIT_OCCURRENCE_ID,NO,INTEGER,A FOREIGN KEY TO THE VISIT IN THE VISIT TABLE DURING WHICH THE CONDITION WAS DETERMINED (DIAGNOSED).
CONDITION_OCCURRENCE,CONDITION_STATUS_CONCEPT_ID,NO,INTEGER,A FOREIGN KEY TO THE PREDEFINED CONCEPT IN THE STANDARD VOCABULARY REFLECTING THE CONDITION STATUS.
CONDITION_OCCURRENCE,CONDITION_SOURCE_CONCEPT_ID,NO,INTEGER,A FOREIGN KEY TO A CONDITION CONCEPT THAT REFERS TO THE CODE USED IN THE SOURCE.
CONDITION_OCCURRENCE,CONDITION_SOURCE_VALUE,NO,VARCHAR(50),THE SOURCE CODE FOR THE CONDITION AS IT APPEARS IN THE SOURCE DATA. THIS CODE IS MAPPED TO A STANDARD CONDITION CONCEPT IN THE STANDARDIZED VOCABULARIES AND THE ORIGINAL CODE IS STORED HERE FOR REFERENCE.
CONDITION_OCCURRENCE,CONDITION_STATUS_SOURCE_VALUE,NO,VARCHAR(50),
MEASUREMENT,MEASUREMENT_ID,YES,INTEGER,A UNIQUE IDENTIFIER FOR EACH MEASUREMENT.
MEASUREMENT,PERSON_ID,YES,INTEGER,A FOREIGN KEY IDENTIFIER TO THE PERSON ABOUT WHOM THE MEASUREMENT WAS RECORDED. THE DEMOGRAPHIC DETAILS OF THAT PERSON ARE STORED IN THE PERSON TABLE.
MEASUREMENT,MEASUREMENT_CONCEPT_ID,YES,INTEGER,A FOREIGN KEY TO THE STANDARD MEASUREMENT CONCEPT IDENTIFIER IN THE STANDARDIZED VOCABULARIES.
MEASUREMENT,MEASUREMENT_DATE,YES,DATE,THE DATE OF THE MEASUREMENT.
MEASUREMENT,MEASUREMENT_DATETIME,NO,DATETIME,"THE DATE AND TIME OF THE MEASUREMENT. (SOME DATABASE SYSTEMS DON'T HAVE A DATATYPE OF TIME. TO ACCOMODATE ALL TEMPORAL ANALYSES, DATATYPE DATETIME CAN BE USED (COMBINING MEASUREMENT_DATE AND MEASUREMENT_TIME)RELEVANT FORUM DISCUSSION"
MEASUREMENT,MEASUREMENT_TYPE_CONCEPT_ID,YES,INTEGER,A FOREIGN KEY TO THE PREDEFINED CONCEPT IN THE STANDARDIZED VOCABULARIES REFLECTING THE PROVENANCE FROM WHERE THE MEASUREMENT RECORD WAS RECORDED.
MEASUREMENT,OPERATOR_CONCEPT_ID,NO,INTEGER,"A FOREIGN KEY IDENTIFIER TO THE PREDEFINED CONCEPT IN THE STANDARDIZED VOCABULARIES REFLECTING THE MATHEMATICAL OPERATOR THAT IS APPLIED TO THE VALUE_AS_NUMBER. OPERATORS ARE <, Ó, =, Ò, >."
MEASUREMENT,VALUE_AS_NUMBER,NO,FLOAT,A MEASUREMENT RESULT WHERE THE RESULT IS EXPRESSED AS A NUMERIC VALUE.
MEASUREMENT,VALUE_AS_CONCEPT_ID,NO,INTEGER,"A FOREIGN KEY TO A MEASUREMENT RESULT REPRESENTED AS A CONCEPT FROM THE STANDARDIZED VOCABULARIES (E.G., POSITIVE/NEGATIVE, PRESENT/ABSENT, LOW/HIGH, ETC.)."
MEASUREMENT,UNIT_CONCEPT_ID,NO,INTEGER,A FOREIGN KEY TO A STANDARD CONCEPT ID OF MEASUREMENT UNITS IN THE STANDARDIZED VOCABULARIES.
MEASUREMENT,RANGE_LOW,NO,FLOAT,THE LOWER LIMIT OF THE NORMAL RANGE OF THE MEASUREMENT RESULT. THE LOWER RANGE IS ASSUMED TO BE OF THE SAME UNIT OF MEASURE AS THE MEASUREMENT VALUE.
MEASUREMENT,RANGE_HIGH,NO,FLOAT,THE UPPER LIMIT OF THE NORMAL RANGE OF THE MEASUREMENT. THE UPPER RANGE IS ASSUMED TO BE OF THE SAME UNIT OF MEASURE AS THE MEASUREMENT VALUE.
MEASUREMENT,PROVIDER_ID,NO,INTEGER,A FOREIGN KEY TO THE PROVIDER IN THE PROVIDER TABLE WHO WAS RESPONSIBLE FOR INITIATING OR OBTAINING THE MEASUREMENT.
MEASUREMENT,VISIT_OCCURRENCE_ID,NO,INTEGER,A FOREIGN KEY TO THE VISIT IN THE VISIT_OCCURRENCE TABLE DURING WHICH THE MEASUREMENT WAS RECORDED.
MEASUREMENT,MEASUREMENT_SOURCE_VALUE,NO,VARCHAR(50),THE MEASUREMENT NAME AS IT APPEARS IN THE SOURCE DATA. THIS CODE IS MAPPED TO A STANDARD CONCEPT IN THE STANDARDIZED VOCABULARIES AND THE ORIGINAL CODE IS STORED HERE FOR REFERENCE.
MEASUREMENT,MEASUREMENT_SOURCE_CONCEPT_ID,NO,INTEGER,A FOREIGN KEY TO A CONCEPT IN THE STANDARD VOCABULARIES THAT REFERS TO THE CODE USED IN THE SOURCE.
MEASUREMENT,UNIT_SOURCE_VALUE,NO,VARCHAR(50),THE SOURCE CODE FOR THE UNIT AS IT APPEARS IN THE SOURCE DATA. THIS CODE IS MAPPED TO A STANDARD UNIT CONCEPT IN THE STANDARDIZED VOCABULARIES AND THE ORIGINAL CODE IS STORED HERE FOR REFERENCE.
MEASUREMENT,VALUE_SOURCE_VALUE,NO,VARCHAR(50),THE SOURCE VALUE ASSOCIATED WITH THE CONTENT OF THE VALUE_AS_NUMBER OR VALUE_AS_CONCEPT_ID AS STORED IN THE SOURCE DATA.
NOTE,NOTE_ID,YES,INTEGER,A UNIQUE IDENTIFIER FOR EACH NOTE.
NOTE,PERSON_ID,YES,INTEGER,A FOREIGN KEY IDENTIFIER TO THE PERSON ABOUT WHOM THE NOTE WAS RECORDED. THE DEMOGRAPHIC DETAILS OF THAT PERSON ARE STORED IN THE PERSON TABLE.
NOTE,NOTE_DATE,YES,DATE,THE DATE THE NOTE WAS RECORDED.
NOTE,NOTE_DATETIME,NO,DATETIME,THE DATE AND TIME THE NOTE WAS RECORDED.
NOTE,NOTE_TYPE_CONCEPT_ID,YES,INTEGER,"A FOREIGN KEY TO THE PREDEFINED CONCEPT IN THE STANDARDIZED VOCABULARIES REFLECTING THE TYPE, ORIGIN OR PROVENANCE OF THE NOTE."
NOTE,NOTE_CLASS_CONCEPT_ID,YES,INTEGER,A FOREIGN KEY TO THE PREDEFINED CONCEPT IN THE STANDARDIZED VOCABULARIES REFLECTING THE HL7 LOINC DOCUMENT TYPE VOCABULARY CLASSIFICATION OF THE NOTE.
NOTE,NOTE_TITLE,NO,STRING(250),THE TITLE OF THE NOTE AS IT APPEARS IN THE SOURCE.
NOTE,NOTE_TEXT,NO,RBDMS DEPENDENT TEXT,THE CONTENT OF THE NOTE.
NOTE,ENCODING_CONCEPT_ID,YES,INTEGER,A FOREIGN KEY TO THE PREDEFINED CONCEPT IN THE STANDARDIZED VOCABULARIES REFLECTING THE NOTE CHARACTER ENCODING TYPE.
NOTE,LANGUAGE_CONCEPT_ID,YES,INTEGER,A FOREIGN KEY TO THE PREDEFINED CONCEPT IN THE STANDARDIZED VOCABULARIES REFLECTING THE LANGUAGE OF THE NOTE.
NOTE,PROVIDER_ID,NO,INTEGER,A FOREIGN KEY TO THE PROVIDER IN THE PROVIDER TABLE WHO TOOK THE NOTE.
NOTE,VISIT_OCCURRENCE_ID,NO,INTEGER,FOREIGN KEY TO THE VISIT IN THE VISIT_OCCURRENCE TABLE WHEN THE NOTE WAS TAKEN.
OBSERVATION,OBSERVATION_ID,YES,INTEGER,A UNIQUE IDENTIFIER FOR EACH OBSERVATION.
OBSERVATION,PERSON_ID,YES,INTEGER,A FOREIGN KEY IDENTIFIER TO THE PERSON ABOUT WHOM THE OBSERVATION WAS RECORDED. THE DEMOGRAPHIC DETAILS OF THAT PERSON ARE STORED IN THE PERSON TABLE.
OBSERVATION,OBSERVATION_CONCEPT_ID,YES,INTEGER,A FOREIGN KEY TO THE STANDARD OBSERVATION CONCEPT IDENTIFIER IN THE STANDARDIZED VOCABULARIES.
OBSERVATION,OBSERVATION_DATE,YES,DATE,THE DATE OF THE OBSERVATION.
OBSERVATION,OBSERVATION_DATETIME,NO,DATETIME,THE DATE AND TIME OF THE OBSERVATION.
OBSERVATION,OBSERVATION_TYPE_CONCEPT_ID,YES,INTEGER,A FOREIGN KEY TO THE PREDEFINED CONCEPT IDENTIFIER IN THE STANDARDIZED VOCABULARIES REFLECTING THE TYPE OF THE OBSERVATION.
OBSERVATION,VALUE_AS_NUMBER,NO,FLOAT,THE OBSERVATION RESULT STORED AS A NUMBER. THIS IS APPLICABLE TO OBSERVATIONS WHERE THE RESULT IS EXPRESSED AS A NUMERIC VALUE.
OBSERVATION,VALUE_AS_STRING,NO,VARCHAR(60),THE OBSERVATION RESULT STORED AS A STRING. THIS IS APPLICABLE TO OBSERVATIONS WHERE THE RESULT IS EXPRESSED AS VERBATIM TEXT.
OBSERVATION,VALUE_AS_CONCEPT_ID,NO,INTEGER,"A FOREIGN KEY TO AN OBSERVATION RESULT STORED AS A CONCEPT ID. THIS IS APPLICABLE TO OBSERVATIONS WHERE THE RESULT CAN BE EXPRESSED AS A STANDARD CONCEPT FROM THE STANDARDIZED VOCABULARIES (E.G., POSITIVE/NEGATIVE, PRESENT/ABSENT, LOW/HIGH, ETC.)."
OBSERVATION,QUALIFIER_CONCEPT_ID,NO,INTEGER,"A FOREIGN KEY TO A STANDARD CONCEPT ID FOR A QUALIFIER (E.G., SEVERITY OF DRUG-DRUG INTERACTION ALERT)"
OBSERVATION,UNIT_CONCEPT_ID,NO,INTEGER,A FOREIGN KEY TO A STANDARD CONCEPT ID OF MEASUREMENT UNITS IN THE STANDARDIZED VOCABULARIES.
OBSERVATION,PROVIDER_ID,NO,INTEGER,A FOREIGN KEY TO THE PROVIDER IN THE PROVIDER TABLE WHO WAS RESPONSIBLE FOR MAKING THE OBSERVATION.
OBSERVATION,VISIT_OCCURRENCE_ID,NO,INTEGER,A FOREIGN KEY TO THE VISIT IN THE VISIT_OCCURRENCE TABLE DURING WHICH THE OBSERVATION WAS RECORDED.
OBSERVATION,OBSERVATION_SOURCE_VALUE,NO,VARCHAR(50),"THE OBSERVATION CODE AS IT APPEARS IN THE SOURCE DATA. THIS CODE IS MAPPED TO A STANDARD CONCEPT IN THE STANDARDIZED VOCABULARIES AND THE ORIGINAL CODE IS, STORED HERE FOR REFERENCE."
OBSERVATION,OBSERVATION_SOURCE_CONCEPT_ID,NO,INTEGER,A FOREIGN KEY TO A CONCEPT THAT REFERS TO THE CODE USED IN THE SOURCE.
OBSERVATION,UNIT_SOURCE_VALUE,NO,VARCHAR(50),"THE SOURCE CODE FOR THE UNIT AS IT APPEARS IN THE SOURCE DATA. THIS CODE IS MAPPED TO A STANDARD UNIT CONCEPT IN THE STANDARDIZED VOCABULARIES AND THE ORIGINAL CODE IS, STORED HERE FOR REFERENCE."
OBSERVATION,QUALIFIER_SOURCE_VALUE,NO,VARCHAR(50),THE SOURCE VALUE ASSOCIATED WITH A QUALIFIER TO CHARACTERIZE THE OBSERVATION
FACT_RELATIONSHIP,DOMAIN_CONCEPT _ID_1,YES,INTEGER,"THE CONCEPT REPRESENTING THE DOMAIN OF FACT ONE, FROM WHICH THE CORRESPONDING TABLE CAN BE INFERRED."
FACT_RELATIONSHIP,FACT_ID_1,YES,INTEGER,THE UNIQUE IDENTIFIER IN THE TABLE CORRESPONDING TO THE DOMAIN OF FACT ONE.
FACT_RELATIONSHIP,DOMAIN_CONCEPT_ID_2,YES,INTEGER,"THE CONCEPT REPRESENTING THE DOMAIN OF FACT TWO, FROM WHICH THE CORRESPONDING TABLE CAN BE INFERRED."
FACT_RELATIONSHIP,FACT_ID_2,YES,INTEGER,THE UNIQUE IDENTIFIER IN THE TABLE CORRESPONDING TO THE DOMAIN OF FACT TWO.
FACT_RELATIONSHIP,RELATIONSHIP_CONCEPT_ID,YES,INTEGER,A FOREIGN KEY TO A STANDARD CONCEPT ID OF RELATIONSHIP IN THE STANDARDIZED VOCABULARIES.
LOCATION,LOCATION_ID,YES,INTEGER,A UNIQUE IDENTIFIER FOR EACH GEOGRAPHIC LOCATION.
LOCATION,ADDRESS_1,NO,VARCHAR(50),"THE ADDRESS FIELD 1, TYPICALLY USED FOR THE STREET ADDRESS, AS IT APPEARS IN THE SOURCE DATA."
LOCATION,ADDRESS_2,NO,VARCHAR(50),"THE ADDRESS FIELD 2, TYPICALLY USED FOR ADDITIONAL DETAIL SUCH AS BUILDINGS, SUITES, FLOORS, AS IT APPEARS IN THE SOURCE DATA."
LOCATION,CITY,NO,VARCHAR(50),THE CITY FIELD AS IT APPEARS IN THE SOURCE DATA.
LOCATION,STATE,NO,VARCHAR(2),THE STATE FIELD AS IT APPEARS IN THE SOURCE DATA.
LOCATION,ZIP,NO,VARCHAR(9),THE ZIP OR POSTAL CODE.
LOCATION,COUNTY,NO,VARCHAR(20),THE COUNTY.
LOCATION,LOCATION_SOURCE_VALUE,NO,VARCHAR(50),THE VERBATIM INFORMATION THAT IS USED TO UNIQUELY IDENTIFY THE LOCATION AS IT APPEARS IN THE SOURCE DATA.
CARE_SITE,CARE_SITE_ID,YES,INTEGER,A UNIQUE IDENTIFIER FOR EACH CARE SITE.
CARE_SITE,CARE_SITE_NAME,NO,VARCHAR(255),THE VERBATIM DESCRIPTION OR NAME OF THE CARE SITE AS IN DATA SOURCE
CARE_SITE,PLACE_OF_SERVICE_CONCEPT_ID,NO,INTEGER,A FOREIGN KEY THAT REFERS TO A PLACE OF SERVICE CONCEPT ID IN THE STANDARDIZED VOCABULARIES.
CARE_SITE,LOCATION_ID,NO,INTEGER,"A FOREIGN KEY TO THE GEOGRAPHIC LOCATION IN THE LOCATION TABLE, WHERE THE DETAILED ADDRESS INFORMATION IS STORED."
CARE_SITE,CARE_SITE_SOURCE_VALUE,NO,VARCHAR(50),"THE IDENTIFIER FOR THE CARE SITE IN THE SOURCE DATA, STORED HERE FOR REFERENCE."
CARE_SITE,PLACE_OF_SERVICE_SOURCE_VALUE,NO,VARCHAR(50),"THE SOURCE CODE FOR THE PLACE OF SERVICE AS IT APPEARS IN THE SOURCE DATA, STORED HERE FOR REFERENCE."
PROVIDER,PROVIDER_ID,YES,INTEGER,A UNIQUE IDENTIFIER FOR EACH PROVIDER.
PROVIDER,PROVIDER_NAME,NO,VARCHAR(50),A DESCRIPTION OF THE PROVIDER.
PROVIDER,NPI,NO,VARCHAR(20),THE NATIONAL PROVIDER IDENTIFIER (NPI) OF THE PROVIDER.
PROVIDER,DEA,NO,VARCHAR(20),THE DRUG ENFORCEMENT ADMINISTRATION (DEA) NUMBER OF THE PROVIDER.
PROVIDER,SPECIALTY_CONCEPT_ID,NO,INTEGER,A FOREIGN KEY TO A STANDARD SPECIALTY CONCEPT ID IN THE STANDARDIZED VOCABULARIES.
PROVIDER,CARE_SITE_ID,NO,INTEGER,A FOREIGN KEY TO THE MAIN CARE SITE WHERE THE PROVIDER IS PRACTICING.
PROVIDER,YEAR_OF_BIRTH,NO,INTEGER,THE YEAR OF BIRTH OF THE PROVIDER.
PROVIDER,GENDER_CONCEPT_ID,NO,INTEGER,THE GENDER OF THE PROVIDER.
PROVIDER,PROVIDER_SOURCE_VALUE,NO,VARCHAR(50),"THE IDENTIFIER USED FOR THE PROVIDER IN THE SOURCE DATA, STORED HERE FOR REFERENCE."
PROVIDER,SPECIALTY_SOURCE_VALUE,NO,VARCHAR(50),"THE SOURCE CODE FOR THE PROVIDER SPECIALTY AS IT APPEARS IN THE SOURCE DATA, STORED HERE FOR REFERENCE."
PROVIDER,SPECIALTY_SOURCE_CONCEPT_ID,NO,INTEGER,A FOREIGN KEY TO A CONCEPT THAT REFERS TO THE CODE USED IN THE SOURCE.
PROVIDER,GENDER_SOURCE_VALUE,NO,VARCHAR(50),"THE GENDER CODE FOR THE PROVIDER AS IT APPEARS IN THE SOURCE DATA, STORED HERE FOR REFERENCE."
PROVIDER,GENDER_SOURCE_CONCEPT_ID,NO,INTEGER,A FOREIGN KEY TO A CONCEPT THAT REFERS TO THE CODE USED IN THE SOURCE.
PAYER_PLAN_PERIOD,PAYER_PLAN_PERIOD_ID,YES,INTEGER,"A IDENTIFIER FOR EACH UNIQUE COMBINATION OF PAYER, PLAN, FAMILY CODE AND TIME SPAN."
PAYER_PLAN_PERIOD,PERSON_ID,YES,INTEGER,A FOREIGN KEY IDENTIFIER TO THE PERSON COVERED BY THE PAYER. THE DEMOGRAPHIC DETAILS OF THAT PERSON ARE STORED IN THE PERSON TABLE.
PAYER_PLAN_PERIOD,PAYER_PLAN_PERIOD_START_DATE,YES,DATE,THE START DATE OF THE PAYER PLAN PERIOD.
PAYER_PLAN_PERIOD,PAYER_PLAN_PERIOD_END_DATE,YES,DATE,THE END DATE OF THE PAYER PLAN PERIOD.
PAYER_PLAN_PERIOD,PAYER_SOURCE_VALUE,NO,VARCHAR(50),THE SOURCE CODE FOR THE PAYER AS IT APPEARS IN THE SOURCE DATA.
PAYER_PLAN_PERIOD,PLAN_SOURCE_VALUE,NO,VARCHAR(50),THE SOURCE CODE FOR THE PERSON'S HEALTH BENEFIT PLAN AS IT APPEARS IN THE SOURCE DATA.
PAYER_PLAN_PERIOD,FAMILY_SOURCE_VALUE,NO,VARCHAR(50),THE SOURCE CODE FOR THE PERSON'S FAMILY AS IT APPEARS IN THE SOURCE DATA.
COST,COST_ID,YES,INTEGER,A UNIQUE IDENTIFIER FOR EACH COST RECORD.
COST,COST_EVENT_ID,YES,INTEGER,"A FOREIGN KEY IDENTIFIER TO THE EVENT (E.G. MEASUREMENT, PROCEDURE, VISIT, DRUG EXPOSURE, ETC) RECORD FOR WHICH COST DATA ARE RECORDED."
COST,COST_DOMAIN_ID,YES,STRING(20),"THE CONCEPT REPRESENTING THE DOMAIN OF THE COST EVENT, FROM WHICH THE CORRESPONDING TABLE CAN BE INFERRED THAT CONTAINS THE ENTITY FOR WHICH COST INFORMATION IS RECORDED."
COST,COST_TYPE_CONCEPT_ID,YES,INTEGER,"A FOREIGN KEY IDENTIFIER TO A CONCEPT IN THE CONCEPT TABLE FOR THE PROVENANCE OR THE SOURCE OF THE COST DATA: CALCULATED FROM INSURANCE CLAIM INFORMATION, PROVIDER REVENUE, CALCULATED FROM COST-TO-CHARGE RATIO, REPORTED FROM ACCOUNTING DATABASE, ETC."
COST,CURRENCY_CONCEPT_ID,NO,INTEGER,"A FOREIGN KEY IDENTIFIER TO THE CONCEPT REPRESENTING THE 3-LETTER CODE USED TO DELINEATE INTERNATIONAL CURRENCIES, SUCH AS USD FOR US DOLLAR."
COST,TOTAL_CHARGE,NO,FLOAT,"THE TOTAL AMOUNT CHARGED BY SOME PROVIDER OF GOODS OR SERVICES (E.G. HOSPITAL, PHYSICIAN PHARMACY, DME PROVIDER) TO PAYERS (INSURANCE COMPANIES, THE PATIENT)."
COST,TOTAL_COST,NO,FLOAT,THE COST INCURRED BY THE PROVIDER OF GOODS OR SERVICES.
COST,TOTAL_PAID,NO,FLOAT,THE TOTAL AMOUNT ACTUALLY PAID FROM ALL PAYERS FOR GOODS OR SERVICES OF THE PROVIDER.
COST,PAID_BY_PAYER,NO,FLOAT,THE AMOUNT PAID BY THE PAYER FOR THE GOODS OR SERVICES.
COST,PAID_BY_PATIENT,NO,FLOAT,THE TOTAL AMOUNT PAID BY THE PERSON AS A SHARE OF THE EXPENSES.
COST,PAID_PATIENT_COPAY,NO,FLOAT,THE AMOUNT PAID BY THE PERSON AS A FIXED CONTRIBUTION TO THE EXPENSES.
COST,PAID_PATIENT_COINSURANCE,NO,FLOAT,"THE AMOUNT PAID BY THE PERSON AS A JOINT ASSUMPTION OF RISK. TYPICALLY, THIS IS A PERCENTAGE OF THE EXPENSES DEFINED BY THE PAYER PLAN AFTER THE PERSON'S DEDUCTIBLE IS EXCEEDED."
COST,PAID_PATIENT_DEDUCTIBLE,NO,FLOAT,THE AMOUNT PAID BY THE PERSON THAT IS COUNTED TOWARD THE DEDUCTIBLE DEFINED BY THE PAYER PLAN. PAID_PATIENT_DEDUCTIBLE DOES CONTRIBUTE TO THE PAID_BY_PATIENT VARIABLE.
COST,PAID_BY_PRIMARY,NO,FLOAT,THE AMOUNT PAID BY A PRIMARY PAYER THROUGH THE COORDINATION OF BENEFITS.
COST,PAID_INGREDIENT_COST,NO,FLOAT,"THE AMOUNT PAID BY THE PAYER TO A PHARMACY FOR THE DRUG, EXCLUDING THE AMOUNT PAID FOR DISPENSING THE DRUG. PAID_INGREDIENT_COST CONTRIBUTES TO THE PAID_BY_PAYER FIELD IF THIS FIELD IS POPULATED WITH A NONZERO VALUE."
COST,PAID_DISPENSING_FEE,NO,FLOAT,"THE AMOUNT PAID BY THE PAYER TO A PHARMACY FOR DISPENSING A DRUG, EXCLUDING THE AMOUNT PAID FOR THE DRUG INGREDIENT. PAID_DISPENSING_FEE CONTRIBUTES TO THE PAID_BY_PAYER FIELD IF THIS FIELD IS POPULATED WITH A NONZERO VALUE."
COST,PAYER_PLAN_PERIOD_ID,NO,INTEGER,"A FOREIGN KEY TO THE PAYER_PLAN_PERIOD TABLE, WHERE THE DETAILS OF THE PAYER, PLAN AND FAMILY ARE STORED. RECORD THE PAYER_PLAN_ID THAT RELATES TO THE PAYER WHO CONTRIBUTED TO THE PAID_BY_PAYER FIELD."
COST,AMOUNT_ALLOWED,NO,FLOAT,THE CONTRACTED AMOUNT AGREED BETWEEN THE PAYER AND PROVIDER.
COST,REVENUE_CODE_CONCEPT_ID,NO,INTEGER,A FOREIGN KEY REFERRING TO A STANDARD CONCEPT ID IN THE STANDARDIZED VOCABULARIES FOR REVENUE CODES.
COST,DRG_CONCEPT_ID,NO,INTEGER,A FOREIGN KEY REFERRING TO A STANDARD CONCEPT ID IN THE STANDARDIZED VOCABULARIES FOR DRG CODES.
COST,REVENUE_CODE_SOURCE_VALUE,NO,STRING(50),"THE SOURCE CODE FOR THE REVENUE CODE AS IT APPEARS IN THE SOURCE DATA, STORED HERE FOR REFERENCE."
COST,DRG_SOURCE_VALUE,NO,STRING(50),"THE SOURCE CODE FOR THE 3-DIGIT DRG SOURCE CODE AS IT APPEARS IN THE SOURCE DATA, STORED HERE FOR REFERENCE."
COHORT,COHORT_DEFINITION_ID,YES,INTEGER,A FOREIGN KEY TO A RECORD IN THE COHORT_DEFINITION TABLE CONTAINING RELEVANT COHORT DEFINITION INFORMATION.
COHORT,SUBJECT_ID,YES,INTEGER,"A FOREIGN KEY TO THE SUBJECT IN THE COHORT. THESE COULD BE REFERRING TO RECORDS IN THE PERSON, PROVIDER, VISIT_OCCURRENCE TABLE."
COHORT,COHORT_START_DATE,YES,DATE,"THE DATE WHEN THE COHORT DEFINITION CRITERIA FOR THE PERSON, PROVIDER OR VISIT FIRST MATCH."
COHORT,COHORT_END_DATE,YES,DATE,"THE DATE WHEN THE COHORT DEFINITION CRITERIA FOR THE PERSON, PROVIDER OR VISIT NO LONGER MATCH OR THE COHORT MEMBERSHIP WAS TERMINATED."
COHORT_ATTRIBUTE,COHORT_DEFINITION_ID,YES,INTEGER,A FOREIGN KEY TO A RECORD IN THEŸCOHORT_DEFINITIONŸTABLE CONTAINING RELEVANT COHORT DEFINITION INFORMATION.
COHORT_ATTRIBUTE,SUBJECT_ID,YES,INTEGER,"A FOREIGN KEY TO THE SUBJECT IN THE COHORT. THESE COULD BE REFERRING TO RECORDS IN THE PERSON, PROVIDER, VISIT_OCCURRENCE TABLE."
COHORT_ATTRIBUTE,COHORT_START_DATE,YES,DATE,"THE DATE WHEN THE COHORT DEFINITION CRITERIA FOR THE PERSON, PROVIDER OR VISIT FIRST MATCH."
COHORT_ATTRIBUTE,COHORT_END_DATE,YES,DATE,"THE DATE WHEN THE COHORT DEFINITION CRITERIA FOR THE PERSON, PROVIDER OR VISIT NO LONGER MATCH OR THE COHORT MEMBERSHIP WAS TERMINATED."
COHORT_ATTRIBUTE,ATTRIBUTE_DEFINITION_ID,YES,INTEGER,A FOREIGN KEY TO A RECORD IN THEŸATTRIBUTE_DEFINITIONTABLE CONTAINING RELEVANT ATTRIBUTE DEFINITION INFORMATION.
COHORT_ATTRIBUTE,VALUE_AS_NUMBER,NO,FLOAT,THE ATTRIBUTE RESULT STORED AS A NUMBER. THIS IS APPLICABLE TO ATTRIBUTES WHERE THE RESULT IS EXPRESSED AS A NUMERIC VALUE.
COHORT_ATTRIBUTE,VALUE_AS_CONCEPT_ID,NO,INTEGER,THE ATTRIBUTE RESULT STORED AS A CONCEPT ID. THIS IS APPLICABLE TO ATTRIBUTES WHERE THE RESULT IS EXPRESSED AS A CATEGORICAL VALUE.
DRUG_ERA,DRUG_ERA_ID,YES,INTEGER,A UNIQUE IDENTIFIER FOR EACH DRUG ERA.
DRUG_ERA,PERSON_ID,YES,INTEGER,A FOREIGN KEY IDENTIFIER TO THE PERSON WHO IS SUBJECTED TO THE DRUG DURING THE FDRUG ERA. THE DEMOGRAPHIC DETAILS OF THAT PERSON ARE STORED IN THE PERSON TABLE.
DRUG_ERA,DRUG_CONCEPT_ID,YES,INTEGER,A FOREIGN KEY THAT REFERS TO A STANDARD CONCEPT IDENTIFIER IN THE STANDARDIZED VOCABULARIES FOR THE INGREDIENT CONCEPT.
DRUG_ERA,DRUG_ERA_START_DATE,YES,DATE,THE START DATE FOR THE DRUG ERA CONSTRUCTED FROM THE INDIVIDUAL INSTANCES OF DRUG EXPOSURES. IT IS THE START DATE OF THE VERY FIRST CHRONOLOGICALLY RECORDED INSTANCE OF CONUTILIZATION OF A DRUG.
DRUG_ERA,DRUG_ERA_END_DATE,YES,DATE,THE END DATE FOR THE DRUG ERA CONSTRUCTED FROM THE INDIVIDUAL INSTANCE OF DRUG EXPOSURES. IT IS THE END DATE OF THE FINAL CONTINUOUSLY RECORDED INSTANCE OF UTILIZATION OF A DRUG.
DRUG_ERA,DRUG_EXPOSURE_COUNT,NO,INTEGER,THE NUMBER OF INDIVIDUAL DRUG EXPOSURE OCCURRENCES USED TO CONSTRUCT THE DRUG ERA.
DRUG_ERA,GAP_DAYS,NO,INTEGER,THE NUMBER OF DAYS THAT ARE NOT COVERED BY DRUG_EXPOSURE RECORDS THAT WERE USED TO MAKE UP THE ERA RECORD.
DOSE_ERA,DOSE_ERA_ID,YES,INTEGER,A UNIQUE IDENTIFIER FOR EACH DOSE ERA.
DOSE_ERA,PERSON_ID,YES,INTEGER,A FOREIGN KEY IDENTIFIER TO THE PERSON WHO IS SUBJECTED TO THE DRUG DURING THE DRUG ERA. THE DEMOGRAPHIC DETAILS OF THAT PERSON ARE STORED IN THE PERSON TABLE.
DOSE_ERA,DRUG_CONCEPT_ID,YES,INTEGER,A FOREIGN KEY THAT REFERS TO A STANDARD CONCEPT IDENTIFIER IN THE STANDARDIZED VOCABULARIES FOR THE ACTIVE INGREDIENT CONCEPT.
DOSE_ERA,UNIT_CONCEPT_ID,YES,INTEGER,A FOREIGN KEY THAT REFERS TO A STANDARD CONCEPT IDENTIFIER IN THE STANDARDIZED VOCABULARIES FOR THE UNIT CONCEPT.
DOSE_ERA,DOSE_VALUE,YES,FLOAT,THE NUMERIC VALUE OF THE DOSE.
DOSE_ERA,DOSE_ERA_START_DATE,YES,DATE,THE START DATE FOR THE DRUG ERA CONSTRUCTED FROM THE INDIVIDUAL INSTANCES OF DRUG EXPOSURES. IT IS THE START DATE OF THE VERY FIRST CHRONOLOGICALLY RECORDED INSTANCE OF UTILIZATION OF A DRUG.
DOSE_ERA,DOSE_ERA_END_DATE,YES,DATE,THE END DATE FOR THE DRUG ERA CONSTRUCTED FROM THE INDIVIDUAL INSTANCE OF DRUG EXPOSURES. IT IS THE END DATE OF THE FINAL CONTINUOUSLY RECORDED INSTANCE OF UTILIZATION OF A DRUG.
CONDITION_ERA,CONDITION_ERA_ID,YES,INTEGER,A UNIQUE IDENTIFIER FOR EACH CONDITION ERA.
CONDITION_ERA,PERSON_ID,YES,INTEGER,A FOREIGN KEY IDENTIFIER TO THE PERSON WHO IS EXPERIENCING THE CONDITION DURING THE CONDITION ERA. THE DEMOGRAPHIC DETAILS OF THAT PERSON ARE STORED IN THE PERSON TABLE.
CONDITION_ERA,CONDITION_CONCEPT_ID,YES,INTEGER,A FOREIGN KEY THAT REFERS TO A STANDARD CONDITION CONCEPT IDENTIFIER IN THE STANDARDIZED VOCABULARIES.
CONDITION_ERA,CONDITION_ERA_START_DATE,YES,DATE,THE START DATE FOR THE CONDITION ERA CONSTRUCTED FROM THE INDIVIDUAL INSTANCES OF CONDITION OCCURRENCES. IT IS THE START DATE OF THE VERY FIRST CHRONOLOGICALLY RECORDED INSTANCE OF THE CONDITION.
CONDITION_ERA,CONDITION_ERA_END_DATE,YES,DATE,THE END DATE FOR THE CONDITION ERA CONSTRUCTED FROM THE INDIVIDUAL INSTANCES OF CONDITION OCCURRENCES. IT IS THE END DATE OF THE FINAL CONTINUOUSLY RECORDED INSTANCE OF THE CONDITION.
CONDITION_ERA,CONDITION_OCCURRENCE_COUNT,NO,INTEGER,THE NUMBER OF INDIVIDUAL CONDITION OCCURRENCES USED TO CONSTRUCT THE CONDITION ERA.
